;count;mean;std;min;q25;median;q75;max
lexical_diversity;12.0;0.5863065916912987;0.04326185486519091;0.4909722222222222;0.5736683690892692;0.5815307917135264;0.611049113666564;0.6596995427824951
burstiness;12.0;4.070813095571169;0.068547478449032;3.9931804578591095;4.0375239109178445;4.0575473294579805;4.094286349738679;4.236636153811665
average_sentence_length;12.0;16.097424601120206;1.5630628023464912;13.72222222222222;15.414403505333595;15.756826333449034;16.655184776613346;19.41732283464567
text_entropy;12.0;9.719503291246724;0.21617642754465574;9.388258744433225;9.553763928967818;9.7175960972509;9.904257530329415;9.997859508058513
stop_word_ratio;12.0;0.19039590076104143;0.007263963830164494;0.1788990825688073;0.18494368384132165;0.19051321018631878;0.19499415014671978;0.2017900732302685
word_length_variation;12.0;3.83033603959309;0.09245586155405433;3.7021724793763062;3.768093784076499;3.811297823812658;3.902904979343951;3.993704486808911
punctuation_ratio;12.0;0.024724139063050595;0.0030707524407939998;0.0177494749678206;0.022957437068853774;0.025040822052021648;0.02733161014911545;0.0283826280800923
repetition_score;12.0;0.04393865005750233;0.013557097760700723;0.0285258809861881;0.0348999999477348;0.04303063919256215;0.047065958326942846;0.0793670268280036
