{
  "version": 1,
  "generated_at": "2026-05-15T22:04:38.692865+00:00",
  "reference_file": "metric_baselines_reference.json",
  "source": {
    "path": "ml/dataset_human_2.csv",
    "rows_in_file": 414
  },
  "description": "Параметры для визуализации: для непрерывных метрик — μ и σ по выборке human; unicode — бинарный признак (μ = доля единиц). Пустая перплексия в CSV исключается из n.",
  "metrics": {
    "unicode": {
      "label_ru": "Unicode 0/1",
      "distribution": "bernoulli",
      "n": 414,
      "mean": 0.0821256038647343,
      "std": 0.2748881765540283,
      "min": 0.0,
      "max": 1.0
    },
    "lexical_diversity": {
      "label_ru": "Лексическое разнообразие",
      "distribution": "normal",
      "n": 414,
      "mean": 0.4312416182039935,
      "std": 0.07943059811378267,
      "min": 0.1061332939700347,
      "max": 1.0
    },
    "burstiness": {
      "label_ru": "Burstiness",
      "distribution": "normal",
      "n": 414,
      "mean": 4.142389430457333,
      "std": 0.9613043376536365,
      "min": 2.727820711415656,
      "max": 19.920888278445048
    },
    "average_sentence_length": {
      "label_ru": "Средняя длина предложения",
      "distribution": "normal",
      "n": 414,
      "mean": 13.975138481942565,
      "std": 3.7613075946827657,
      "min": 1.7613636363636365,
      "max": 37.026415094339626
    },
    "text_entropy": {
      "label_ru": "Энтропия текста",
      "distribution": "normal",
      "n": 414,
      "mean": 9.815322743036582,
      "std": 0.5389268561887157,
      "min": 5.85798099512757,
      "max": 10.883543174282746
    },
    "stop_word_ratio": {
      "label_ru": "Доля стоп-слов",
      "distribution": "normal",
      "n": 414,
      "mean": 0.1832723960361856,
      "std": 0.028906916193187696,
      "min": 0.0,
      "max": 0.24
    },
    "word_length_variation": {
      "label_ru": "Вариация длины слов",
      "distribution": "normal",
      "n": 414,
      "mean": 3.6670322569329765,
      "std": 0.22775646284742143,
      "min": 2.5953787259143035,
      "max": 5.145388580815198
    },
    "punctuation_ratio": {
      "label_ru": "Доля пунктуации",
      "distribution": "normal",
      "n": 414,
      "mean": 0.03088395900627993,
      "std": 0.029268086375780124,
      "min": 0.0150821894594136,
      "max": 0.5949019607843137
    },
    "repetition_score": {
      "label_ru": "Повторяемость",
      "distribution": "normal",
      "n": 414,
      "mean": 0.13622030819658282,
      "std": 0.06950075776922275,
      "min": 0.0161290322580645,
      "max": 0.5971082813870456
    },
    "perplexity": {
      "label_ru": "Перплексия",
      "distribution": "empty",
      "n": 0,
      "mean": null,
      "std": null,
      "min": null,
      "max": null
    }
  }
}
