{
  "dataset": "ml/catboost/dataset_master_eval.csv",
  "model": "ml/catboost/model.cbm",
  "n_rows": 145,
  "n_human": 101,
  "n_llm": 44,
  "roc_auc": 0.8872637263726373,
  "threshold": 0.5,
  "confusion_matrix_labels": [
    "human(0)",
    "llm(1)"
  ],
  "confusion_matrix": [
    [
      97,
      4
    ],
    [
      16,
      28
    ]
  ],
  "classification_report": {
    "human": {
      "precision": 0.8584070796460177,
      "recall": 0.9603960396039604,
      "f1-score": 0.9065420560747663,
      "support": 101.0
    },
    "llm": {
      "precision": 0.875,
      "recall": 0.6363636363636364,
      "f1-score": 0.7368421052631579,
      "support": 44.0
    },
    "accuracy": 0.8620689655172413,
    "macro avg": {
      "precision": 0.8667035398230089,
      "recall": 0.7983798379837983,
      "f1-score": 0.821692080668962,
      "support": 145.0
    },
    "weighted avg": {
      "precision": 0.8634421727189503,
      "recall": 0.8620689655172413,
      "f1-score": 0.8550468985871058,
      "support": 145.0
    }
  }
}
