{
  "n_total": 539,
  "n_train": 404,
  "n_test": 135,
  "feature_names": [
    "unicode",
    "lexical_diversity",
    "burstiness",
    "average_sentence_length",
    "text_entropy",
    "stop_word_ratio",
    "word_length_variation",
    "punctuation_ratio",
    "repetition_score",
    "perplexity"
  ],
  "roc_auc_test": 0.9962928637627433,
  "classification_report_test": {
    "human": {
      "precision": 0.9272727272727272,
      "recall": 0.9807692307692307,
      "f1-score": 0.9532710280373832,
      "support": 52.0
    },
    "llm": {
      "precision": 0.9875,
      "recall": 0.9518072289156626,
      "f1-score": 0.9693251533742331,
      "support": 83.0
    },
    "accuracy": 0.9629629629629629,
    "macro avg": {
      "precision": 0.9573863636363636,
      "recall": 0.9662882298424467,
      "f1-score": 0.9612980907058082,
      "support": 135.0
    },
    "weighted avg": {
      "precision": 0.9643013468013468,
      "recall": 0.9629629629629629,
      "f1-score": 0.9631413421333722,
      "support": 135.0
    }
  },
  "best_iteration": 133
}
