{
  "n_total": 375,
  "n_train": 281,
  "n_test": 94,
  "feature_names": [
    "unicode",
    "lexical_diversity",
    "burstiness",
    "average_sentence_length",
    "text_entropy",
    "stop_word_ratio",
    "word_length_variation",
    "punctuation_ratio",
    "repetition_score",
    "perplexity"
  ],
  "roc_auc_test": 0.9913003663003663,
  "classification_report_test": {
    "human": {
      "precision": 0.9454545454545454,
      "recall": 1.0,
      "f1-score": 0.9719626168224299,
      "support": 52.0
    },
    "llm": {
      "precision": 1.0,
      "recall": 0.9285714285714286,
      "f1-score": 0.9629629629629629,
      "support": 42.0
    },
    "accuracy": 0.9680851063829787,
    "macro avg": {
      "precision": 0.9727272727272727,
      "recall": 0.9642857142857143,
      "f1-score": 0.9674627898926964,
      "support": 94.0
    },
    "weighted avg": {
      "precision": 0.9698259187620889,
      "recall": 0.9680851063829787,
      "f1-score": 0.9679414948852213,
      "support": 94.0
    }
  },
  "best_iteration": 15
}
