{
  "model": "random_forest",
  "random_state": 42,
  "test_size": 0.25,
  "feature_names": [
    "unicode",
    "lexical_diversity",
    "burstiness",
    "average_sentence_length",
    "text_entropy",
    "stop_word_ratio",
    "word_length_variation",
    "punctuation_ratio",
    "repetition_score",
    "perplexity"
  ],
  "train_test": {
    "n_total": 375,
    "n_train": 281,
    "n_test": 94,
    "roc_auc": 0.9777930402930403,
    "confusion_matrix": [
      [
        52,
        0
      ],
      [
        3,
        39
      ]
    ],
    "classification_report": {
      "human": {
        "precision": 0.9454545454545454,
        "recall": 1.0,
        "f1-score": 0.9719626168224299,
        "support": 52.0
      },
      "llm": {
        "precision": 1.0,
        "recall": 0.9285714285714286,
        "f1-score": 0.9629629629629629,
        "support": 42.0
      },
      "accuracy": 0.9680851063829787,
      "macro avg": {
        "precision": 0.9727272727272727,
        "recall": 0.9642857142857143,
        "f1-score": 0.9674627898926964,
        "support": 94.0
      },
      "weighted avg": {
        "precision": 0.9698259187620889,
        "recall": 0.9680851063829787,
        "f1-score": 0.9679414948852213,
        "support": 94.0
      }
    }
  },
  "master_eval": {
    "n_rows": 145,
    "n_human": 101,
    "n_llm": 44,
    "roc_auc": 0.9069531953195319,
    "confusion_matrix": [
      [
        97,
        4
      ],
      [
        16,
        28
      ]
    ],
    "classification_report": {
      "human": {
        "precision": 0.8584070796460177,
        "recall": 0.9603960396039604,
        "f1-score": 0.9065420560747663,
        "support": 101.0
      },
      "llm": {
        "precision": 0.875,
        "recall": 0.6363636363636364,
        "f1-score": 0.7368421052631579,
        "support": 44.0
      },
      "accuracy": 0.8620689655172413,
      "macro avg": {
        "precision": 0.8667035398230089,
        "recall": 0.7983798379837983,
        "f1-score": 0.821692080668962,
        "support": 145.0
      },
      "weighted avg": {
        "precision": 0.8634421727189503,
        "recall": 0.8620689655172413,
        "f1-score": 0.8550468985871058,
        "support": 145.0
      }
    }
  }
}
